{
  "manifestVersion": "3.2",
  "admin": {
    "address": "0x868aec1059bBe6E2d2B96d7d979d77BCf8A8Bc07",
    "txHash": "0xd24dda2293a0764bd95a2da3c7ad3376142e3f1b856608ecb858c894803322fc"
  },
  "proxies": [
    {
      "address": "0x400Feb9Cda6FbCbf60a8d0769D79f19FaDbBe59C",
      "txHash": "0x9207f69b548d2289cfd2c3de6e25916f6f45af9c13a63032c4ca9bf345c9f9e3",
      "kind": "transparent"
    },
    {
      "address": "0x859085EBD8dbd9Ca4415Aa3E29782dE4F3e492B4",
      "txHash": "0x3fac2cd181ed1625f1a66a69baca08dd34062e0ba2e6fed82283aa7a4dad5301",
      "kind": "transparent"
    },
    {
      "address": "0xb10F63d1cF750A3c1fdbCaBde45d2EDF87E4692B",
      "txHash": "0xecfd82cb3233fc951087bd3602b0a48337242f74fbfa41a90754a08bef727cf9",
      "kind": "transparent"
    },
    {
      "address": "0x76c815fd2513eec806B81754517518e1D2520b45",
      "txHash": "0x9beb95e0fde8e02e3b270427f930834b8d3b81a4b13db0994711132e1a340f24",
      "kind": "transparent"
    }
  ],
  "impls": {
    "1241054ced9b5626a3783b3ffd0c6794ba12619022af5d661c114cbdabc6c118": {
      "address": "0x5E6160B7A66173133310567C897ADD06905cfA77",
      "txHash": "0xcc7bdaedd39b8db729ab585f3c1f4f3af9c2a860dc804fd025ae83ae44915719",
      "layout": {
        "solcVersion": "0.8.13",
        "storage": [
          {
            "label": "_initialized",
            "offset": 0,
            "slot": "0",
            "type": "t_uint8",
            "contract": "Initializable",
            "src": "@openzeppelin\\contracts-upgradeable\\proxy\\utils\\Initializable.sol:62",
            "retypedFrom": "bool"
          },
          {
            "label": "_initializing",
            "offset": 1,
            "slot": "0",
            "type": "t_bool",
            "contract": "Initializable",
            "src": "@openzeppelin\\contracts-upgradeable\\proxy\\utils\\Initializable.sol:67"
          },
          {
            "label": "__gap",
            "offset": 0,
            "slot": "1",
            "type": "t_array(t_uint256)50_storage",
            "contract": "ContextUpgradeable",
            "src": "@openzeppelin\\contracts-upgradeable\\utils\\ContextUpgradeable.sol:36"
          },
          {
            "label": "_owner",
            "offset": 0,
            "slot": "51",
            "type": "t_address",
            "contract": "OwnableUpgradeable",
            "src": "@openzeppelin\\contracts-upgradeable\\access\\OwnableUpgradeable.sol:22"
          },
          {
            "label": "__gap",
            "offset": 0,
            "slot": "52",
            "type": "t_array(t_uint256)49_storage",
            "contract": "OwnableUpgradeable",
            "src": "@openzeppelin\\contracts-upgradeable\\access\\OwnableUpgradeable.sol:94"
          },
          {
            "label": "last_bribe",
            "offset": 0,
            "slot": "101",
            "type": "t_address",
            "contract": "BribeFactoryV3",
            "src": "contracts\\factories\\BribeFactoryV3.sol:19"
          },
          {
            "label": "_bribes",
            "offset": 0,
            "slot": "102",
            "type": "t_array(t_address)dyn_storage",
            "contract": "BribeFactoryV3",
            "src": "contracts\\factories\\BribeFactoryV3.sol:20"
          },
          {
            "label": "voter",
            "offset": 0,
            "slot": "103",
            "type": "t_address",
            "contract": "BribeFactoryV3",
            "src": "contracts\\factories\\BribeFactoryV3.sol:21"
          },
          {
            "label": "defaultRewardToken",
            "offset": 0,
            "slot": "104",
            "type": "t_array(t_address)dyn_storage",
            "contract": "BribeFactoryV3",
            "src": "contracts\\factories\\BribeFactoryV3.sol:23"
          },
          {
            "label": "permissionsRegistry",
            "offset": 0,
            "slot": "105",
            "type": "t_contract(IPermissionsRegistry)49949",
            "contract": "BribeFactoryV3",
            "src": "contracts\\factories\\BribeFactoryV3.sol:25"
          }
        ],
        "types": {
          "t_address": {
            "label": "address",
            "numberOfBytes": "20"
          },
          "t_array(t_address)dyn_storage": {
            "label": "address[]",
            "numberOfBytes": "32"
          },
          "t_array(t_uint256)49_storage": {
            "label": "uint256[49]",
            "numberOfBytes": "1568"
          },
          "t_array(t_uint256)50_storage": {
            "label": "uint256[50]",
            "numberOfBytes": "1600"
          },
          "t_bool": {
            "label": "bool",
            "numberOfBytes": "1"
          },
          "t_contract(IPermissionsRegistry)49949": {
            "label": "contract IPermissionsRegistry",
            "numberOfBytes": "20"
          },
          "t_uint256": {
            "label": "uint256",
            "numberOfBytes": "32"
          },
          "t_uint8": {
            "label": "uint8",
            "numberOfBytes": "1"
          }
        }
      }
    },
    "834e914a3b2a7db5a44f615c2c134466a7cf7e4d6858d462f8720661db4bef74": {
      "address": "0x5Cf57065bD0426F5e4edB8Ef7A79223A5E79D46c",
      "txHash": "0xf39980a8654781d7df38b2ed5ba8aa3ca5584e7f298e9dc1f5259583a530a054",
      "layout": {
        "solcVersion": "0.8.13",
        "storage": [
          {
            "label": "_initialized",
            "offset": 0,
            "slot": "0",
            "type": "t_uint8",
            "contract": "Initializable",
            "src": "@openzeppelin\\contracts-upgradeable\\proxy\\utils\\Initializable.sol:62",
            "retypedFrom": "bool"
          },
          {
            "label": "_initializing",
            "offset": 1,
            "slot": "0",
            "type": "t_bool",
            "contract": "Initializable",
            "src": "@openzeppelin\\contracts-upgradeable\\proxy\\utils\\Initializable.sol:67"
          },
          {
            "label": "__gap",
            "offset": 0,
            "slot": "1",
            "type": "t_array(t_uint256)50_storage",
            "contract": "ContextUpgradeable",
            "src": "@openzeppelin\\contracts-upgradeable\\utils\\ContextUpgradeable.sol:36"
          },
          {
            "label": "_owner",
            "offset": 0,
            "slot": "51",
            "type": "t_address",
            "contract": "OwnableUpgradeable",
            "src": "@openzeppelin\\contracts-upgradeable\\access\\OwnableUpgradeable.sol:22"
          },
          {
            "label": "__gap",
            "offset": 0,
            "slot": "52",
            "type": "t_array(t_uint256)49_storage",
            "contract": "OwnableUpgradeable",
            "src": "@openzeppelin\\contracts-upgradeable\\access\\OwnableUpgradeable.sol:94"
          },
          {
            "label": "last_gauge",
            "offset": 0,
            "slot": "101",
            "type": "t_address",
            "contract": "GaugeFactoryV2",
            "src": "contracts\\factories\\GaugeFactoryV2.sol:23"
          },
          {
            "label": "permissionsRegistry",
            "offset": 0,
            "slot": "102",
            "type": "t_address",
            "contract": "GaugeFactoryV2",
            "src": "contracts\\factories\\GaugeFactoryV2.sol:24"
          },
          {
            "label": "__gauges",
            "offset": 0,
            "slot": "103",
            "type": "t_array(t_address)dyn_storage",
            "contract": "GaugeFactoryV2",
            "src": "contracts\\factories\\GaugeFactoryV2.sol:26"
          }
        ],
        "types": {
          "t_address": {
            "label": "address",
            "numberOfBytes": "20"
          },
          "t_array(t_address)dyn_storage": {
            "label": "address[]",
            "numberOfBytes": "32"
          },
          "t_array(t_uint256)49_storage": {
            "label": "uint256[49]",
            "numberOfBytes": "1568"
          },
          "t_array(t_uint256)50_storage": {
            "label": "uint256[50]",
            "numberOfBytes": "1600"
          },
          "t_bool": {
            "label": "bool",
            "numberOfBytes": "1"
          },
          "t_uint256": {
            "label": "uint256",
            "numberOfBytes": "32"
          },
          "t_uint8": {
            "label": "uint8",
            "numberOfBytes": "1"
          }
        }
      }
    },
    "81c18a49df09bf94df3dfe49e5c17a1d84c19a06c8550b5c0a8f1760126bc177": {
      "address": "0xb0BC594DF60FE27d574e29850646A4B85F7A5B71",
      "txHash": "0xd9b92109296bb0fba35e7b44ae258521dadd225dc13dfba3874965a1adcd7d89",
      "layout": {
        "solcVersion": "0.8.13",
        "storage": [
          {
            "label": "_initialized",
            "offset": 0,
            "slot": "0",
            "type": "t_uint8",
            "contract": "Initializable",
            "src": "@openzeppelin\\contracts-upgradeable\\proxy\\utils\\Initializable.sol:62",
            "retypedFrom": "bool"
          },
          {
            "label": "_initializing",
            "offset": 1,
            "slot": "0",
            "type": "t_bool",
            "contract": "Initializable",
            "src": "@openzeppelin\\contracts-upgradeable\\proxy\\utils\\Initializable.sol:67"
          },
          {
            "label": "__gap",
            "offset": 0,
            "slot": "1",
            "type": "t_array(t_uint256)50_storage",
            "contract": "ContextUpgradeable",
            "src": "@openzeppelin\\contracts-upgradeable\\utils\\ContextUpgradeable.sol:36"
          },
          {
            "label": "_owner",
            "offset": 0,
            "slot": "51",
            "type": "t_address",
            "contract": "OwnableUpgradeable",
            "src": "@openzeppelin\\contracts-upgradeable\\access\\OwnableUpgradeable.sol:22"
          },
          {
            "label": "__gap",
            "offset": 0,
            "slot": "52",
            "type": "t_array(t_uint256)49_storage",
            "contract": "OwnableUpgradeable",
            "src": "@openzeppelin\\contracts-upgradeable\\access\\OwnableUpgradeable.sol:94"
          },
          {
            "label": "last_gauge",
            "offset": 0,
            "slot": "101",
            "type": "t_address",
            "contract": "GaugeFactoryV2_CL",
            "src": "contracts\\factories\\GaugeFactoryV2_CL.sol:24"
          },
          {
            "label": "last_feeVault",
            "offset": 0,
            "slot": "102",
            "type": "t_address",
            "contract": "GaugeFactoryV2_CL",
            "src": "contracts\\factories\\GaugeFactoryV2_CL.sol:25"
          },
          {
            "label": "permissionsRegistry",
            "offset": 0,
            "slot": "103",
            "type": "t_address",
            "contract": "GaugeFactoryV2_CL",
            "src": "contracts\\factories\\GaugeFactoryV2_CL.sol:26"
          },
          {
            "label": "gammaFeeRecipient",
            "offset": 0,
            "slot": "104",
            "type": "t_address",
            "contract": "GaugeFactoryV2_CL",
            "src": "contracts\\factories\\GaugeFactoryV2_CL.sol:27"
          },
          {
            "label": "__gauges",
            "offset": 0,
            "slot": "105",
            "type": "t_array(t_address)dyn_storage",
            "contract": "GaugeFactoryV2_CL",
            "src": "contracts\\factories\\GaugeFactoryV2_CL.sol:29"
          }
        ],
        "types": {
          "t_address": {
            "label": "address",
            "numberOfBytes": "20"
          },
          "t_array(t_address)dyn_storage": {
            "label": "address[]",
            "numberOfBytes": "32"
          },
          "t_array(t_uint256)49_storage": {
            "label": "uint256[49]",
            "numberOfBytes": "1568"
          },
          "t_array(t_uint256)50_storage": {
            "label": "uint256[50]",
            "numberOfBytes": "1600"
          },
          "t_bool": {
            "label": "bool",
            "numberOfBytes": "1"
          },
          "t_uint256": {
            "label": "uint256",
            "numberOfBytes": "32"
          },
          "t_uint8": {
            "label": "uint8",
            "numberOfBytes": "1"
          }
        }
      }
    },
    "a32c188965989fe915824a927883d5a3578cb136b99be69b42160e2e46fb4246": {
      "address": "0x9921389bf518e825E9de4f36c9b4b4050324a294",
      "txHash": "0x72390095a6b12dd1f703cad34fa50f696c53817ec907c21e12540c28293403d2",
      "layout": {
        "solcVersion": "0.8.13",
        "storage": [
          {
            "label": "_initialized",
            "offset": 0,
            "slot": "0",
            "type": "t_uint8",
            "contract": "Initializable",
            "src": "@openzeppelin\\contracts-upgradeable\\proxy\\utils\\Initializable.sol:62",
            "retypedFrom": "bool"
          },
          {
            "label": "_initializing",
            "offset": 1,
            "slot": "0",
            "type": "t_bool",
            "contract": "Initializable",
            "src": "@openzeppelin\\contracts-upgradeable\\proxy\\utils\\Initializable.sol:67"
          },
          {
            "label": "__gap",
            "offset": 0,
            "slot": "1",
            "type": "t_array(t_uint256)50_storage",
            "contract": "ContextUpgradeable",
            "src": "@openzeppelin\\contracts-upgradeable\\utils\\ContextUpgradeable.sol:36"
          },
          {
            "label": "_owner",
            "offset": 0,
            "slot": "51",
            "type": "t_address",
            "contract": "OwnableUpgradeable",
            "src": "@openzeppelin\\contracts-upgradeable\\access\\OwnableUpgradeable.sol:22"
          },
          {
            "label": "__gap",
            "offset": 0,
            "slot": "52",
            "type": "t_array(t_uint256)49_storage",
            "contract": "OwnableUpgradeable",
            "src": "@openzeppelin\\contracts-upgradeable\\access\\OwnableUpgradeable.sol:94"
          },
          {
            "label": "_status",
            "offset": 0,
            "slot": "101",
            "type": "t_uint256",
            "contract": "ReentrancyGuardUpgradeable",
            "src": "@openzeppelin\\contracts-upgradeable\\security\\ReentrancyGuardUpgradeable.sol:38"
          },
          {
            "label": "__gap",
            "offset": 0,
            "slot": "102",
            "type": "t_array(t_uint256)49_storage",
            "contract": "ReentrancyGuardUpgradeable",
            "src": "@openzeppelin\\contracts-upgradeable\\security\\ReentrancyGuardUpgradeable.sol:80"
          },
          {
            "label": "initflag",
            "offset": 0,
            "slot": "151",
            "type": "t_bool",
            "contract": "VoterV3",
            "src": "contracts\\VoterV3.sol:30"
          },
          {
            "label": "_ve",
            "offset": 1,
            "slot": "151",
            "type": "t_address",
            "contract": "VoterV3",
            "src": "contracts\\VoterV3.sol:32"
          },
          {
            "label": "factory",
            "offset": 0,
            "slot": "152",
            "type": "t_address",
            "contract": "VoterV3",
            "src": "contracts\\VoterV3.sol:33"
          },
          {
            "label": "factories",
            "offset": 0,
            "slot": "153",
            "type": "t_array(t_address)dyn_storage",
            "contract": "VoterV3",
            "src": "contracts\\VoterV3.sol:34"
          },
          {
            "label": "base",
            "offset": 0,
            "slot": "154",
            "type": "t_address",
            "contract": "VoterV3",
            "src": "contracts\\VoterV3.sol:35"
          },
          {
            "label": "gaugefactory",
            "offset": 0,
            "slot": "155",
            "type": "t_address",
            "contract": "VoterV3",
            "src": "contracts\\VoterV3.sol:36"
          },
          {
            "label": "gaugeFactories",
            "offset": 0,
            "slot": "156",
            "type": "t_array(t_address)dyn_storage",
            "contract": "VoterV3",
            "src": "contracts\\VoterV3.sol:37"
          },
          {
            "label": "bribefactory",
            "offset": 0,
            "slot": "157",
            "type": "t_address",
            "contract": "VoterV3",
            "src": "contracts\\VoterV3.sol:38"
          },
          {
            "label": "minter",
            "offset": 0,
            "slot": "158",
            "type": "t_address",
            "contract": "VoterV3",
            "src": "contracts\\VoterV3.sol:39"
          },
          {
            "label": "permissionRegistry",
            "offset": 0,
            "slot": "159",
            "type": "t_address",
            "contract": "VoterV3",
            "src": "contracts\\VoterV3.sol:40"
          },
          {
            "label": "pools",
            "offset": 0,
            "slot": "160",
            "type": "t_array(t_address)dyn_storage",
            "contract": "VoterV3",
            "src": "contracts\\VoterV3.sol:41"
          },
          {
            "label": "index",
            "offset": 0,
            "slot": "161",
            "type": "t_uint256",
            "contract": "VoterV3",
            "src": "contracts\\VoterV3.sol:44"
          },
          {
            "label": "VOTE_DELAY",
            "offset": 0,
            "slot": "162",
            "type": "t_uint256",
            "contract": "VoterV3",
            "src": "contracts\\VoterV3.sol:46"
          },
          {
            "label": "supplyIndex",
            "offset": 0,
            "slot": "163",
            "type": "t_mapping(t_address,t_uint256)",
            "contract": "VoterV3",
            "src": "contracts\\VoterV3.sol:50"
          },
          {
            "label": "claimable",
            "offset": 0,
            "slot": "164",
            "type": "t_mapping(t_address,t_uint256)",
            "contract": "VoterV3",
            "src": "contracts\\VoterV3.sol:51"
          },
          {
            "label": "gauges",
            "offset": 0,
            "slot": "165",
            "type": "t_mapping(t_address,t_address)",
            "contract": "VoterV3",
            "src": "contracts\\VoterV3.sol:52"
          },
          {
            "label": "gaugesDistributionTimestmap",
            "offset": 0,
            "slot": "166",
            "type": "t_mapping(t_address,t_uint256)",
            "contract": "VoterV3",
            "src": "contracts\\VoterV3.sol:53"
          },
          {
            "label": "poolForGauge",
            "offset": 0,
            "slot": "167",
            "type": "t_mapping(t_address,t_address)",
            "contract": "VoterV3",
            "src": "contracts\\VoterV3.sol:54"
          },
          {
            "label": "internal_bribes",
            "offset": 0,
            "slot": "168",
            "type": "t_mapping(t_address,t_address)",
            "contract": "VoterV3",
            "src": "contracts\\VoterV3.sol:55"
          },
          {
            "label": "external_bribes",
            "offset": 0,
            "slot": "169",
            "type": "t_mapping(t_address,t_address)",
            "contract": "VoterV3",
            "src": "contracts\\VoterV3.sol:56"
          },
          {
            "label": "votes",
            "offset": 0,
            "slot": "170",
            "type": "t_mapping(t_uint256,t_mapping(t_address,t_uint256))",
            "contract": "VoterV3",
            "src": "contracts\\VoterV3.sol:57"
          },
          {
            "label": "poolVote",
            "offset": 0,
            "slot": "171",
            "type": "t_mapping(t_uint256,t_array(t_address)dyn_storage)",
            "contract": "VoterV3",
            "src": "contracts\\VoterV3.sol:58"
          },
          {
            "label": "weightsPerEpoch",
            "offset": 0,
            "slot": "172",
            "type": "t_mapping(t_uint256,t_mapping(t_address,t_uint256))",
            "contract": "VoterV3",
            "src": "contracts\\VoterV3.sol:59"
          },
          {
            "label": "totWeightsPerEpoch",
            "offset": 0,
            "slot": "173",
            "type": "t_mapping(t_uint256,t_uint256)",
            "contract": "VoterV3",
            "src": "contracts\\VoterV3.sol:60"
          },
          {
            "label": "usedWeights",
            "offset": 0,
            "slot": "174",
            "type": "t_mapping(t_uint256,t_uint256)",
            "contract": "VoterV3",
            "src": "contracts\\VoterV3.sol:61"
          },
          {
            "label": "lastVoted",
            "offset": 0,
            "slot": "175",
            "type": "t_mapping(t_uint256,t_uint256)",
            "contract": "VoterV3",
            "src": "contracts\\VoterV3.sol:62"
          },
          {
            "label": "isGauge",
            "offset": 0,
            "slot": "176",
            "type": "t_mapping(t_address,t_bool)",
            "contract": "VoterV3",
            "src": "contracts\\VoterV3.sol:63"
          },
          {
            "label": "isWhitelisted",
            "offset": 0,
            "slot": "177",
            "type": "t_mapping(t_address,t_bool)",
            "contract": "VoterV3",
            "src": "contracts\\VoterV3.sol:64"
          },
          {
            "label": "isAlive",
            "offset": 0,
            "slot": "178",
            "type": "t_mapping(t_address,t_bool)",
            "contract": "VoterV3",
            "src": "contracts\\VoterV3.sol:65"
          },
          {
            "label": "isFactory",
            "offset": 0,
            "slot": "179",
            "type": "t_mapping(t_address,t_bool)",
            "contract": "VoterV3",
            "src": "contracts\\VoterV3.sol:66"
          },
          {
            "label": "isGaugeFactory",
            "offset": 0,
            "slot": "180",
            "type": "t_mapping(t_address,t_bool)",
            "contract": "VoterV3",
            "src": "contracts\\VoterV3.sol:67"
          }
        ],
        "types": {
          "t_address": {
            "label": "address",
            "numberOfBytes": "20"
          },
          "t_array(t_address)dyn_storage": {
            "label": "address[]",
            "numberOfBytes": "32"
          },
          "t_array(t_uint256)49_storage": {
            "label": "uint256[49]",
            "numberOfBytes": "1568"
          },
          "t_array(t_uint256)50_storage": {
            "label": "uint256[50]",
            "numberOfBytes": "1600"
          },
          "t_bool": {
            "label": "bool",
            "numberOfBytes": "1"
          },
          "t_mapping(t_address,t_address)": {
            "label": "mapping(address => address)",
            "numberOfBytes": "32"
          },
          "t_mapping(t_address,t_bool)": {
            "label": "mapping(address => bool)",
            "numberOfBytes": "32"
          },
          "t_mapping(t_address,t_uint256)": {
            "label": "mapping(address => uint256)",
            "numberOfBytes": "32"
          },
          "t_mapping(t_uint256,t_array(t_address)dyn_storage)": {
            "label": "mapping(uint256 => address[])",
            "numberOfBytes": "32"
          },
          "t_mapping(t_uint256,t_mapping(t_address,t_uint256))": {
            "label": "mapping(uint256 => mapping(address => uint256))",
            "numberOfBytes": "32"
          },
          "t_mapping(t_uint256,t_uint256)": {
            "label": "mapping(uint256 => uint256)",
            "numberOfBytes": "32"
          },
          "t_uint256": {
            "label": "uint256",
            "numberOfBytes": "32"
          },
          "t_uint8": {
            "label": "uint8",
            "numberOfBytes": "1"
          }
        }
      }
    }
  }
}
